대분류,중분류,직무명,직무설명
건설·채굴직,건설·채굴직,철골공(강구조물건립원),
건설·채굴직,건설·채굴직,경량철골공,
건설·채굴직,건설·채굴직,철근공,
건설·채굴직,건설·채굴직,콘크리트공,
건설·채굴직,건설·채굴직,건축석공,
건설·채굴직,건설·채굴직,건축목공,
건설·채굴직,건설·채굴직,전통건축기능원,
건설·채굴직,건설·채굴직,조적원,
건설·채굴직,건설·채굴직,미장공,
건설·채굴직,건설·채굴직,방수공,
건설·채굴직,건설·채굴직,단열공,
건설·채굴직,건설·채굴직,타일·대리석시공원,
건설·채굴직,건설·채굴직,도배공,
건설·채굴직,건설·채굴직,유리부착원,
건설·채굴직,건설·채굴직,건물도장공,
건설·채굴직,건설·채굴직,섀시조립·설치원,
건설·채굴직,건설·채굴직,건설배관공,
건설·채굴직,건설·채굴직,공업배관공,
건설·채굴직,건설·채굴직,건설 및 채굴기계운전원,
건설·채굴직,건설·채굴직,광원·채석원 및 석재절단원,
건설·채굴직,건설·채굴직,철로설치·보수원,
건설·채굴직,건설·채굴직,점화·발파·화약관리원,
건설·채굴직,건설·채굴직,잠수기능원,
건설·채굴직,건설·채굴직,건설·채굴단순종사원,
경영·사무·금융·보험직,경영·행정·사무직,정부·공공행정전문가,
경영·사무·금융·보험직,경영·행정·사무직,경영·진단전문가,
경영·사무·금융·보험직,경영·행정·사무직,노무사,
경영·사무·금융·보험직,경영·행정·사무직,인적자원전문가,
경영·사무·금융·보험직,경영·행정·사무직,회계사,
경영·사무·금융·보험직,경영·행정·사무직,세무사,
경영·사무·금융·보험직,경영·행정·사무직,관세사,
경영·사무·금융·보험직,경영·행정·사무직,감정평가사,
경영·사무·금융·보험직,경영·행정·사무직,광고·홍보·마케팅전문가,
경영·사무·금융·보험직,경영·행정·사무직,조사전문가,
경영·사무·금융·보험직,경영·행정·사무직,상품기획자,어떤 상품을 만들고 팔지 아이디어를 정리하는 일
경영·사무·금융·보험직,경영·행정·사무직,공연·영화 및 음반기획자,
경영·사무·금융·보험직,경영·행정·사무직,행사기획자,
경영·사무·금융·보험직,경영·행정·사무직,공연·영화·음반기획자,
경영·사무·금융·보험직,경영·행정·사무직,조세행정사무원,
경영·사무·금융·보험직,경영·행정·사무직,관세행정사무원,
경영·사무·금융·보험직,경영·행정·사무직,병무행정사무원,
경영·사무·금융·보험직,경영·행정·사무직,일반행정공무원,
경영·사무·금융·보험직,경영·행정·사무직,법원공무원,
경영·사무·금융·보험직,경영·행정·사무직,경영기획사무원,
경영·사무·금융·보험직,경영·행정·사무직,광고·홍보·마케팅사무원,
경영·사무·금융·보험직,경영·행정·사무직,영업기획·관리·지원사무원,
경영·사무·금융·보험직,경영·행정·사무직,인사·교육·훈련사무원,
경영·사무·금융·보험직,경영·행정·사무직,총무사무원,사무실 물품과 서류를 관리하는 일
경영·사무·금융·보험직,경영·행정·사무직,감사사무원,
경영·사무·금융·보험직,경영·행정·사무직,회계사무원,
경영·사무·금융·보험직,경영·행정·사무직,경리사무원,회사의 돈이 들어오고 나가는 내역을 정리하는 일
경영·사무·금융·보험직,경영·행정·사무직,무역사무원,
경영·사무·금융·보험직,경영·행정·사무직,도로운송사무원,
경영·사무·금융·보험직,경영·행정·사무직,철도·지하철운송사무원,
경영·사무·금융·보험직,경영·행정·사무직,항공운송사무원,
경영·사무·금융·보험직,경영·행정·사무직,수상운송사무원,
경영·사무·금융·보험직,경영·행정·사무직,자재·구매사무원,
경영·사무·금융·보험직,경영·행정·사무직,물류사무원,창고에 들어오고 나가는 물건 수량을 컴퓨터로 관리하는 일
경영·사무·금융·보험직,경영·행정·사무직,생산관리사무원,공장에서 물건이 잘 만들어지는지 기록하고 관리하는 일
경영·사무·금융·보험직,경영·행정·사무직,품질관리사무원,만들어진 제품에 문제가 없는지 확인하고 기록하는 일
경영·사무·금융·보험직,경영·행정·사무직,안내 및 접수사무원,방문한 사람을 맞이하고 접수를 도와주는 일
경영·사무·금융·보험직,경영·행정·사무직,고객상담원,전화나 창구에서 손님의 문의에 답해주는 일
경영·사무·금융·보험직,경영·행정·사무직,의료코디네이터,
경영·사무·금융·보험직,경영·행정·사무직,통계사무원,
경영·사무·금융·보험직,경영·행정·사무직,비서,
경영·사무·금융·보험직,경영·행정·사무직,전산자료입력원 및 사무보조원,서류를 정리하고 컴퓨터에 자료를 입력하는 일
경영·사무·금융·보험직,경영·행정·사무직,출판·자료편집사무원,
경영·사무·금융·보험직,경영·행정·사무직,속기사,
경영·사무·금융·보험직,경영·행정·사무직,행정사,
경영·사무·금융·보험직,경영·행정·사무직,취업알선원,일자리를 찾는 사람에게 알맞은 일자리를 안내하는 일
경영·사무·금융·보험직,관리직(임원·부서장),행정부고위공무원,
경영·사무·금융·보험직,관리직(임원·부서장),기업고위임원,
경영·사무·금융·보험직,관리직(임원·부서장),정부행정관리자,
경영·사무·금융·보험직,관리직(임원·부서장),경영지원관리자,
경영·사무·금융·보험직,관리직(임원·부서장),마케팅·광고·홍보관리자,
경영·사무·금융·보험직,관리직(임원·부서장),금융관리자,
경영·사무·금융·보험직,관리직(임원·부서장),보험관리자,
경영·사무·금융·보험직,관리직(임원·부서장),연구관리자,
경영·사무·금융·보험직,관리직(임원·부서장),유치원 원장 및 원감,
경영·사무·금융·보험직,관리직(임원·부서장),초등학교 교장 및 교감,
경영·사무·금융·보험직,관리직(임원·부서장),중고등학교 교장 및 교감,
경영·사무·금융·보험직,관리직(임원·부서장),대학교 총장 및 대학학장,
경영·사무·금융·보험직,관리직(임원·부서장),경찰·소방·교도관리자,
경영·사무·금융·보험직,관리직(임원·부서장),보건·의료관리자,
경영·사무·금융·보험직,관리직(임원·부서장),사회복지관리자,
경영·사무·금융·보험직,관리직(임원·부서장),예술·디자인·방송관리자,
경영·사무·금융·보험직,관리직(임원·부서장),정보통신관리자,
경영·사무·금융·보험직,관리직(임원·부서장),여행·호텔관리자,
경영·사무·금융·보험직,관리직(임원·부서장),음식서비스관리자,
경영·사무·금융·보험직,관리직(임원·부서장),경비·청소관리자,
경영·사무·금융·보험직,관리직(임원·부서장),영업·판매관리자,
경영·사무·금융·보험직,관리직(임원·부서장),운송관리자,
경영·사무·금융·보험직,관리직(임원·부서장),건설·채굴관리자,
경영·사무·금융·보험직,관리직(임원·부서장),전기·가스·수도관리자,
경영·사무·금융·보험직,관리직(임원·부서장),제조·생산관리자,
경영·사무·금융·보험직,금융·보험직,투자분석가,
경영·사무·금융·보험직,금융·보험직,신용분석가,
경영·사무·금융·보험직,금융·보험직,자산운용가,
경영·사무·금융·보험직,금융·보험직,보험상품개발자,
경영·사무·금융·보험직,금융·보험직,금융상품개발자,
경영·사무·금융·보험직,금융·보험직,증권·외환딜러,
경영·사무·금융·보험직,금융·보험직,손해사정사,
경영·사무·금융·보험직,금융·보험직,은행사무원,
경영·사무·금융·보험직,금융·보험직,증권사무원,
경영·사무·금융·보험직,금융·보험직,보험인수심사원(언더라이터),
경영·사무·금융·보험직,금융·보험직,보험보상사무원,
경영·사무·금융·보험직,금융·보험직,출납창구사무원,
경영·사무·금융·보험직,금융·보험직,신용추심원,
경영·사무·금융·보험직,금융·보험직,보험대리인 및 중개인,
경영·사무·금융·보험직,금융·보험직,보험모집인,
교육·법률·사회복지·경찰·소방직 및 군인,경찰·소방·교도직,경찰관,
교육·법률·사회복지·경찰·소방직 및 군인,경찰·소방·교도직,해양경찰관,
교육·법률·사회복지·경찰·소방직 및 군인,경찰·소방·교도직,소방관,
교육·법률·사회복지·경찰·소방직 및 군인,경찰·소방·교도직,교도관,
교육·법률·사회복지·경찰·소방직 및 군인,교육직,대학교수,
교육·법률·사회복지·경찰·소방직 및 군인,교육직,대학시간강사,
교육·법률·사회복지·경찰·소방직 및 군인,교육직,중·고등학교교사,
교육·법률·사회복지·경찰·소방직 및 군인,교육직,초등학교교사,
교육·법률·사회복지·경찰·소방직 및 군인,교육직,특수교육교사,
교육·법률·사회복지·경찰·소방직 및 군인,교육직,보조교사,
교육·법률·사회복지·경찰·소방직 및 군인,교육직,유치원교사,
교육·법률·사회복지·경찰·소방직 및 군인,교육직,문리학원강사,
교육·법률·사회복지·경찰·소방직 및 군인,교육직,외국어강사,
교육·법률·사회복지·경찰·소방직 및 군인,교육직,컴퓨터강사,
교육·법률·사회복지·경찰·소방직 및 군인,교육직,기술·기능계강사,
교육·법률·사회복지·경찰·소방직 및 군인,교육직,예능강사,
교육·법률·사회복지·경찰·소방직 및 군인,교육직,학습지·교육교구방문강사,
교육·법률·사회복지·경찰·소방직 및 군인,교육직,교재·교구 및 이러닝교육전문가,
교육·법률·사회복지·경찰·소방직 및 군인,군인,위관급 장교,
교육·법률·사회복지·경찰·소방직 및 군인,군인,부사관,
교육·법률·사회복지·경찰·소방직 및 군인,법률직,판사,
교육·법률·사회복지·경찰·소방직 및 군인,법률직,검사,
교육·법률·사회복지·경찰·소방직 및 군인,법률직,변호사,
교육·법률·사회복지·경찰·소방직 및 군인,법률직,법무사 및 집행관,
교육·법률·사회복지·경찰·소방직 및 군인,법률직,변리사,
교육·법률·사회복지·경찰·소방직 및 군인,법률직,법률사무원,
교육·법률·사회복지·경찰·소방직 및 군인,사회복지·종교직,사회복지사,
교육·법률·사회복지·경찰·소방직 및 군인,사회복지·종교직,심리상담전문가,
교육·법률·사회복지·경찰·소방직 및 군인,사회복지·종교직,청소년지도사,
교육·법률·사회복지·경찰·소방직 및 군인,사회복지·종교직,직업상담사,
교육·법률·사회복지·경찰·소방직 및 군인,사회복지·종교직,사회단체활동가,
교육·법률·사회복지·경찰·소방직 및 군인,사회복지·종교직,보육교사,
교육·법률·사회복지·경찰·소방직 및 군인,사회복지·종교직,생활지도원,
농림어업직,농림어업직,곡식작물재배원,
농림어업직,농림어업직,채소·특용작물재배원,
농림어업직,농림어업직,과수작물재배원,
농림어업직,농림어업직,육묘 및 화훼작물재배자,
농림어업직,농림어업직,조경원,
농림어업직,농림어업직,낙농종사원,
농림어업직,농림어업직,가축사육종사원,
농림어업직,농림어업직,조림·산림경영인 및 벌목원,
농림어업직,농림어업직,양식원,
농림어업직,농림어업직,어부 및 해녀,
미용·여행·숙박·음식·경비·청소직,경호·경비직,경호원,
미용·여행·숙박·음식·경비·청소직,경호·경비직,청원경찰,
미용·여행·숙박·음식·경비·청소직,경호·경비직,시설·특수경비원,
미용·여행·숙박·음식·경비·청소직,경호·경비직,경비원,건물이나 시설을 지키고 출입을 확인하는 일
미용·여행·숙박·음식·경비·청소직,돌봄 서비스직(간병·육아),요양보호사 및 간병인,어르신이나 환자를 돌보고 일상생활을 도와드리는 일
미용·여행·숙박·음식·경비·청소직,돌봄 서비스직(간병·육아),육아도우미,아이를 돌보고 함께 시간을 보내는 일
미용·여행·숙박·음식·경비·청소직,미용·예식 서비스직,이용사,
미용·여행·숙박·음식·경비·청소직,미용·예식 서비스직,미용사,
미용·여행·숙박·음식·경비·청소직,미용·예식 서비스직,피부 및 체형관리사,
미용·여행·숙박·음식·경비·청소직,미용·예식 서비스직,네일아티스트,
미용·여행·숙박·음식·경비·청소직,미용·예식 서비스직,메이크업아티스트 및 뷰티매니저,
미용·여행·숙박·음식·경비·청소직,미용·예식 서비스직,분장사,
미용·여행·숙박·음식·경비·청소직,미용·예식 서비스직,반려동물미용사,
미용·여행·숙박·음식·경비·청소직,미용·예식 서비스직,수의사보조원,
미용·여행·숙박·음식·경비·청소직,미용·예식 서비스직,웨딩플래너,
미용·여행·숙박·음식·경비·청소직,미용·예식 서비스직,혼례종사원,
미용·여행·숙박·음식·경비·청소직,미용·예식 서비스직,장례지도사 및 장례상담원,
미용·여행·숙박·음식·경비·청소직,여행·숙박·오락 서비스직,여행상품개발자,
미용·여행·숙박·음식·경비·청소직,여행·숙박·오락 서비스직,여행사무원,
미용·여행·숙박·음식·경비·청소직,여행·숙박·오락 서비스직,자연 및 문화해설사,
미용·여행·숙박·음식·경비·청소직,여행·숙박·오락 서비스직,여행안내원,
미용·여행·숙박·음식·경비·청소직,여행·숙박·오락 서비스직,항공기객실승무원,
미용·여행·숙박·음식·경비·청소직,여행·숙박·오락 서비스직,선박객실승무원,
미용·여행·숙박·음식·경비·청소직,여행·숙박·오락 서비스직,열차객실승무원,
미용·여행·숙박·음식·경비·청소직,여행·숙박·오락 서비스직,숙박시설서비스원,
미용·여행·숙박·음식·경비·청소직,여행·숙박·오락 서비스직,오락시설서비스원,
미용·여행·숙박·음식·경비·청소직,음식 서비스직,주방장,
미용·여행·숙박·음식·경비·청소직,음식 서비스직,한식조리사,식당이나 급식소에서 한식을 만드는 일
미용·여행·숙박·음식·경비·청소직,음식 서비스직,중식조리사,
미용·여행·숙박·음식·경비·청소직,음식 서비스직,양식조리사,
미용·여행·숙박·음식·경비·청소직,음식 서비스직,일식조리사,
미용·여행·숙박·음식·경비·청소직,음식 서비스직,바텐터,
미용·여행·숙박·음식·경비·청소직,음식 서비스직,음료조리사,
미용·여행·숙박·음식·경비·청소직,음식 서비스직,패스트푸드준비원,
미용·여행·숙박·음식·경비·청소직,음식 서비스직,홀서빙원,식당에서 주문을 받고 음식을 가져다 드리는 일
미용·여행·숙박·음식·경비·청소직,음식 서비스직,주방보조원,식당 주방에서 재료를 다듬고 설거지를 돕는 일
미용·여행·숙박·음식·경비·청소직,음식 서비스직,음식배달원,
미용·여행·숙박·음식·경비·청소직,청소 및 기타 개인서비스직,청소원,건물 안을 청소하고 정리하는 일
미용·여행·숙박·음식·경비·청소직,청소 및 기타 개인서비스직,환경미화원 및 재활용품수거원,거리나 공공시설을 청소하고 재활용품을 모으는 일
미용·여행·숙박·음식·경비·청소직,청소 및 기타 개인서비스직,방역원,
미용·여행·숙박·음식·경비·청소직,청소 및 기타 개인서비스직,세탁원(다림질원),세탁물을 세탁하고 다림질해서 정리하는 일
미용·여행·숙박·음식·경비·청소직,청소 및 기타 개인서비스직,가사관리사,
미용·여행·숙박·음식·경비·청소직,청소 및 기타 개인서비스직,계기검침원 및 가스점검원,
미용·여행·숙박·음식·경비·청소직,청소 및 기타 개인서비스직,주차관리·안내원,주차장을 안내하고 관리하는 일
미용·여행·숙박·음식·경비·청소직,청소 및 기타 개인서비스직,검표원,
보건·의료직,보건·의료직,내과의사,
보건·의료직,보건·의료직,외과의사,
보건·의료직,보건·의료직,성형외과의사,
보건·의료직,보건·의료직,산부인과의사,
보건·의료직,보건·의료직,이비인후과의사,
보건·의료직,보건·의료직,안과의사,
보건·의료직,보건·의료직,정신과의사,
보건·의료직,보건·의료직,소아청소년과의사,
보건·의료직,보건·의료직,방사선과의사,
보건·의료직,보건·의료직,마취병리과의사,
보건·의료직,보건·의료직,비뇨기과의사,
보건·의료직,보건·의료직,피부과의사,
보건·의료직,보건·의료직,가정의학과의사,
보건·의료직,보건·의료직,일반의사,
보건·의료직,보건·의료직,한의사,
보건·의료직,보건·의료직,치과의사,
보건·의료직,보건·의료직,수의사,
보건·의료직,보건·의료직,약사,
보건·의료직,보건·의료직,한약사,
보건·의료직,보건·의료직,보건교사,
보건·의료직,보건·의료직,간호사,
보건·의료직,보건·의료직,영양사,
보건·의료직,보건·의료직,임상병리사,
보건·의료직,보건·의료직,방사선사,
보건·의료직,보건·의료직,치과기공사,
보건·의료직,보건·의료직,치과위생사,
보건·의료직,보건·의료직,물리치료사,
보건·의료직,보건·의료직,작업치료사,
보건·의료직,보건·의료직,임상심리사,
보건·의료직,보건·의료직,재활공학기사,
보건·의료직,보건·의료직,언어치료사,
보건·의료직,보건·의료직,청능사,
보건·의료직,보건·의료직,놀이치료사,
보건·의료직,보건·의료직,예술치료사,
보건·의료직,보건·의료직,응급구조사,
보건·의료직,보건·의료직,안경사,
보건·의료직,보건·의료직,보건의료정보관리사,
보건·의료직,보건·의료직,간호조무사,
보건·의료직,보건·의료직,안마사,
설치·정비·생산직,금속·재료 설치·정비·생산직(판금·단조·주조·용접·도장 등),금속가공제어장치조작원,
설치·정비·생산직,금속·재료 설치·정비·생산직(판금·단조·주조·용접·도장 등),금속가공기계조작원,
설치·정비·생산직,금속·재료 설치·정비·생산직(판금·단조·주조·용접·도장 등),판금원(판금기조작원),
설치·정비·생산직,금속·재료 설치·정비·생산직(판금·단조·주조·용접·도장 등),제관원(제관기조작원),
설치·정비·생산직,금속·재료 설치·정비·생산직(판금·단조·주조·용접·도장 등),단조원(단조기조작원),
설치·정비·생산직,금속·재료 설치·정비·생산직(판금·단조·주조·용접·도장 등),주조원(주조기조작원),
설치·정비·생산직,금속·재료 설치·정비·생산직(판금·단조·주조·용접·도장 등),용접원(용접기조작원),
설치·정비·생산직,금속·재료 설치·정비·생산직(판금·단조·주조·용접·도장 등),도장원(도장기조작원),
설치·정비·생산직,금속·재료 설치·정비·생산직(판금·단조·주조·용접·도장 등),도금·금속분무기조작원,
설치·정비·생산직,금속·재료 설치·정비·생산직(판금·단조·주조·용접·도장 등),유리·유리제품생산기계조작원,
설치·정비·생산직,금속·재료 설치·정비·생산직(판금·단조·주조·용접·도장 등),점토제품생산기계조작원,
설치·정비·생산직,금속·재료 설치·정비·생산직(판금·단조·주조·용접·도장 등),시멘트·광물제품생산기계조작원,
설치·정비·생산직,금속·재료 설치·정비·생산직(판금·단조·주조·용접·도장 등),광석·석제품생산기계조작원,
설치·정비·생산직,기계 설치·정비·생산직,공업기계설치 및 정비원,
설치·정비·생산직,기계 설치·정비·생산직,승강기설치·정비원,
설치·정비·생산직,기계 설치·정비·생산직,크레인 및 지게차설치 및 정비원,
설치·정비·생산직,기계 설치·정비·생산직,냉동·냉장·공조기설치·정비원,
설치·정비·생산직,기계 설치·정비·생산직,보일러설치·정비원,
설치·정비·생산직,기계 설치·정비·생산직,건설·광업기계설치·정비원,
설치·정비·생산직,기계 설치·정비·생산직,농업용 및 기타기계장비설치 및 정비원,
설치·정비·생산직,기계 설치·정비·생산직,항공기정비원,
설치·정비·생산직,기계 설치·정비·생산직,헬리콥터정비원,
설치·정비·생산직,기계 설치·정비·생산직,선박정비원,
설치·정비·생산직,기계 설치·정비·생산직,철도기관차·전동차정비원,
설치·정비·생산직,기계 설치·정비·생산직,자동차정비원,
설치·정비·생산직,기계 설치·정비·생산직,자전거판매 및 정비원,
설치·정비·생산직,기계 설치·정비·생산직,오토바이정비원,
설치·정비·생산직,기계 설치·정비·생산직,금형원,
설치·정비·생산직,기계 설치·정비·생산직,금속공작기계조작원,
설치·정비·생산직,기계 설치·정비·생산직,냉·난방설비조작원,
설치·정비·생산직,기계 설치·정비·생산직,자동조립라인·산업용 로봇조작원,
설치·정비·생산직,기계 설치·정비·생산직,일반기계조립원,제품의 부품을 순서대로 조립하는 일
설치·정비·생산직,기계 설치·정비·생산직,자동차조립원,
설치·정비·생산직,기계 설치·정비·생산직,자동차부품조립·검사원,
설치·정비·생산직,기계 설치·정비·생산직,선박조립원,
설치·정비·생산직,섬유·의복 생산직,섬유제조기계조작원,
설치·정비·생산직,섬유·의복 생산직,직조기 및 편직기조작원,
설치·정비·생산직,섬유·의복 생산직,표백·염색기조작원,
설치·정비·생산직,섬유·의복 생산직,패턴사,
설치·정비·생산직,섬유·의복 생산직,재단사,
설치·정비·생산직,섬유·의복 생산직,재봉사,
설치·정비·생산직,섬유·의복 생산직,한복제조원,
설치·정비·생산직,섬유·의복 생산직,양장·양복제조원,
설치·정비·생산직,섬유·의복 생산직,의복·가죽·모피수선원,
설치·정비·생산직,섬유·의복 생산직,제화원,
설치·정비·생산직,섬유·의복 생산직,신발제조기계조작원 및 조립원,
설치·정비·생산직,섬유·의복 생산직,세탁기계조작원,
설치·정비·생산직,식품 가공·생산직,제과·제빵원,
설치·정비·생산직,식품 가공·생산직,떡제조원,
설치·정비·생산직,식품 가공·생산직,정육원 및 도축원,
설치·정비·생산직,식품 가공·생산직,김치·밑반찬 제조종사원,
설치·정비·생산직,식품 가공·생산직,식품·담배등급원,
설치·정비·생산직,식품 가공·생산직,육류·어패류·낙농품가공기계조작원,
설치·정비·생산직,식품 가공·생산직,제분·도정기계조작원,
설치·정비·생산직,식품 가공·생산직,곡물가공제품기계조작원,
설치·정비·생산직,식품 가공·생산직,과실·채소기계조작원,
설치·정비·생산직,식품 가공·생산직,음료제조기계조작원,
설치·정비·생산직,인쇄·목재·공예 및 기타 설치·정비·생산직,인쇄기계조작원,
설치·정비·생산직,인쇄·목재·공예 및 기타 설치·정비·생산직,사진인화·현상기조작원(사진수정 포함),
설치·정비·생산직,인쇄·목재·공예 및 기타 설치·정비·생산직,목재가공기계조작원,
설치·정비·생산직,인쇄·목재·공예 및 기타 설치·정비·생산직,펄프·종이제조장치조작원,
설치·정비·생산직,인쇄·목재·공예 및 기타 설치·정비·생산직,종이제품생산기계조작원,
설치·정비·생산직,인쇄·목재·공예 및 기타 설치·정비·생산직,가구제조·수리원,
설치·정비·생산직,인쇄·목재·공예 및 기타 설치·정비·생산직,가구조립원,
설치·정비·생산직,인쇄·목재·공예 및 기타 설치·정비·생산직,공예원,
설치·정비·생산직,인쇄·목재·공예 및 기타 설치·정비·생산직,귀금속·보석세공원,
설치·정비·생산직,인쇄·목재·공예 및 기타 설치·정비·생산직,악기제조원 및 조율사,
설치·정비·생산직,인쇄·목재·공예 및 기타 설치·정비·생산직,간판제작·설치원,
설치·정비·생산직,인쇄·목재·공예 및 기타 설치·정비·생산직,주입·포장·상표부착기계조작원,제품을 상자에 담고 상표를 붙이는 일
설치·정비·생산직,전기·전자 설치·정비·생산직,산업전기공,
설치·정비·생산직,전기·전자 설치·정비·생산직,내선전기공,
설치·정비·생산직,전기·전자 설치·정비·생산직,외선전기공,
설치·정비·생산직,전기·전자 설치·정비·생산직,사무용 전자기기설치·수리원,
설치·정비·생산직,전기·전자 설치·정비·생산직,가전제품설치·수리원,
설치·정비·생산직,전기·전자 설치·정비·생산직,발전·배전장치조작원,
설치·정비·생산직,전기·전자 설치·정비·생산직,전기·전자설비조작원,건물의 전기·설비가 잘 작동하는지 점검하는 일
설치·정비·생산직,전기·전자 설치·정비·생산직,전기부품·제품생산기계조작원,
설치·정비·생산직,전기·전자 설치·정비·생산직,전자부품·제품생산기계조작원,
설치·정비·생산직,전기·전자 설치·정비·생산직,전기·전자부품·제품조립원,
설치·정비·생산직,정보통신 설치·정비직,컴퓨터설치·수리원,
설치·정비·생산직,정보통신 설치·정비직,이동전화기수리원,
설치·정비·생산직,정보통신 설치·정비직,방송장비설치·수리원,
설치·정비·생산직,정보통신 설치·정비직,통신장비설치·수리원,
설치·정비·생산직,정보통신 설치·정비직,방송·통신·인터넷케이블 설치·수리원,
설치·정비·생산직,화학·환경 설치·정비·생산직,석유·천연가스제조제어장치조작원,
설치·정비·생산직,화학·환경 설치·정비·생산직,화학물가공장치조작원,
설치·정비·생산직,화학·환경 설치·정비·생산직,타이어·고무제품생산기계조작원,
설치·정비·생산직,화학·환경 설치·정비·생산직,플라스틱제품생산기계조작원,
설치·정비·생산직,화학·환경 설치·정비·생산직,화학제품생산기계조작원(고무·플라스틱 제외),
설치·정비·생산직,화학·환경 설치·정비·생산직,고무·플라스틱 제품 조립원,
설치·정비·생산직,화학·환경 설치·정비·생산직,상·하수도처리장치조작원,
설치·정비·생산직,화학·환경 설치·정비·생산직,재활용 처리장치·소각로조작원,
연구직 및 공학 기술직,건설·채굴 연구개발직 및 공학기술직,건축가(건축설계사),
연구직 및 공학 기술직,건설·채굴 연구개발직 및 공학기술직,건축구조기술자,
연구직 및 공학 기술직,건설·채굴 연구개발직 및 공학기술직,건축설비기술자,
연구직 및 공학 기술직,건설·채굴 연구개발직 및 공학기술직,건축감리기술자,
연구직 및 공학 기술직,건설·채굴 연구개발직 및 공학기술직,건축안전·환경기술자 및 건축품질기술자,
연구직 및 공학 기술직,건설·채굴 연구개발직 및 공학기술직,건축시공기술자 및 견적원,
연구직 및 공학 기술직,건설·채굴 연구개발직 및 공학기술직,토목구조설계기술자,
연구직 및 공학 기술직,건설·채굴 연구개발직 및 공학기술직,토목감리기술자,
연구직 및 공학 기술직,건설·채굴 연구개발직 및 공학기술직,토목안전·환경기술자 및 토목품질기술자,
연구직 및 공학 기술직,건설·채굴 연구개발직 및 공학기술직,토목시공기술자 및 견적원,
연구직 및 공학 기술직,건설·채굴 연구개발직 및 공학기술직,조경기술자,
연구직 및 공학 기술직,건설·채굴 연구개발직 및 공학기술직,도시계획·설계가,
연구직 및 공학 기술직,건설·채굴 연구개발직 및 공학기술직,교통계획·설계가,
연구직 및 공학 기술직,건설·채굴 연구개발직 및 공학기술직,교통영향평가원,
연구직 및 공학 기술직,건설·채굴 연구개발직 및 공학기술직,지적 및 측량기술자,
연구직 및 공학 기술직,건설·채굴 연구개발직 및 공학기술직,지리정보시스템전문가,
연구직 및 공학 기술직,건설·채굴 연구개발직 및 공학기술직,건설자재시험원,
연구직 및 공학 기술직,인문·사회과학 연구직,철학연구원,
연구직 및 공학 기술직,인문·사회과학 연구직,역사학연구원,
연구직 및 공학 기술직,인문·사회과학 연구직,언어학연구원,
연구직 및 공학 기술직,인문·사회과학 연구직,교육학연구원,
연구직 및 공학 기술직,인문·사회과학 연구직,심리학연구원,
연구직 및 공학 기술직,인문·사회과학 연구직,정치학연구원,
연구직 및 공학 기술직,인문·사회과학 연구직,경제학연구원,
연구직 및 공학 기술직,인문·사회과학 연구직,사회학연구원,
연구직 및 공학 기술직,자연·생명과학 연구직,물리학연구원,
연구직 및 공학 기술직,자연·생명과학 연구직,화학연구원,
연구직 및 공학 기술직,자연·생명과학 연구직,수학 및 통계연구원,
연구직 및 공학 기술직,자연·생명과학 연구직,생물학연구원,
연구직 및 공학 기술직,자연·생명과학 연구직,지질학연구원,
연구직 및 공학 기술직,자연·생명과학 연구직,천문 및 기상학연구원,
연구직 및 공학 기술직,자연·생명과학 연구직,자연과학시험원,
연구직 및 공학 기술직,자연·생명과학 연구직,의학연구원,
연구직 및 공학 기술직,자연·생명과학 연구직,약학연구원,
연구직 및 공학 기술직,자연·생명과학 연구직,농학연구원,
연구직 및 공학 기술직,자연·생명과학 연구직,수산학연구원,
연구직 및 공학 기술직,자연·생명과학 연구직,임학 및 산림학연구원,
연구직 및 공학 기술직,자연·생명과학 연구직,축산학 및 수의학연구원,
연구직 및 공학 기술직,자연·생명과학 연구직,생명과학시험원,
연구직 및 공학 기술직,자연·생명과학 연구직,농림어업시험원,
연구직 및 공학 기술직,정보통신 연구개발직 및 공학기술직,컴퓨터하드웨어기술자,
연구직 및 공학 기술직,정보통신 연구개발직 및 공학기술직,통신기기·장비기술자,
연구직 및 공학 기술직,정보통신 연구개발직 및 공학기술직,통신기술개발자,
연구직 및 공학 기술직,정보통신 연구개발직 및 공학기술직,통신망운영기술자,
연구직 및 공학 기술직,정보통신 연구개발직 및 공학기술직,컴퓨터시스템설계 및 분석가,
연구직 및 공학 기술직,정보통신 연구개발직 및 공학기술직,정보통신컨설턴트 및 감리원,
연구직 및 공학 기술직,정보통신 연구개발직 및 공학기술직,시스템소프트웨어개발자,
연구직 및 공학 기술직,정보통신 연구개발직 및 공학기술직,응용소프트웨어개발자,
연구직 및 공학 기술직,정보통신 연구개발직 및 공학기술직,가상현실전문가,
연구직 및 공학 기술직,정보통신 연구개발직 및 공학기술직,게임프로그래머,
연구직 및 공학 기술직,정보통신 연구개발직 및 공학기술직,모바일앱개발자,
연구직 및 공학 기술직,정보통신 연구개발직 및 공학기술직,웹개발자,
연구직 및 공학 기술직,정보통신 연구개발직 및 공학기술직,웹기획자,
연구직 및 공학 기술직,정보통신 연구개발직 및 공학기술직,IT테스터 및 IT QA전문가,
연구직 및 공학 기술직,정보통신 연구개발직 및 공학기술직,데이터베이스운영·관리자,
연구직 및 공학 기술직,정보통신 연구개발직 및 공학기술직,데이터분석가(빅데이터분석가),
연구직 및 공학 기술직,정보통신 연구개발직 및 공학기술직,네트워크시스템개발자,
연구직 및 공학 기술직,정보통신 연구개발직 및 공학기술직,정보시스템운영자,
연구직 및 공학 기술직,정보통신 연구개발직 및 공학기술직,네트워크관리자,
연구직 및 공학 기술직,정보통신 연구개발직 및 공학기술직,IT기술지원전문가,
연구직 및 공학 기술직,정보통신 연구개발직 및 공학기술직,웹운영자,
연구직 및 공학 기술직,정보통신 연구개발직 및 공학기술직,정보보안전문가,
연구직 및 공학 기술직,정보통신 연구개발직 및 공학기술직,통신장비기사,
연구직 및 공학 기술직,정보통신 연구개발직 및 공학기술직,방송송출장비기사,
연구직 및 공학 기술직,제조 연구개발직 및 공학기술직,건설기계공학기술자 및 연구원,
연구직 및 공학 기술직,제조 연구개발직 및 공학기술직,플랜트기계공학기술자,
연구직 및 공학 기술직,제조 연구개발직 및 공학기술직,항공공학기술자,
연구직 및 공학 기술직,제조 연구개발직 및 공학기술직,자동차공학기술자,
연구직 및 공학 기술직,제조 연구개발직 및 공학기술직,조선·해양공학기술자,
연구직 및 공학 기술직,제조 연구개발직 및 공학기술직,로봇공학기술자,
연구직 및 공학 기술직,제조 연구개발직 및 공학기술직,기계‧로봇공학시험원,
연구직 및 공학 기술직,제조 연구개발직 및 공학기술직,재료(금속)공학기술자,
연구직 및 공학 기술직,제조 연구개발직 및 공학기술직,금속·재료공학시험원,
연구직 및 공학 기술직,제조 연구개발직 및 공학기술직,전기기기·제품개발기술자 및 연구원,
연구직 및 공학 기술직,제조 연구개발직 및 공학기술직,전기계측제어기술자,
연구직 및 공학 기술직,제조 연구개발직 및 공학기술직,발전설비기술자,
연구직 및 공학 기술직,제조 연구개발직 및 공학기술직,송·배전설비기술자,
연구직 및 공학 기술직,제조 연구개발직 및 공학기술직,전기감리기술자,
연구직 및 공학 기술직,제조 연구개발직 및 공학기술직,전기안전기술자,
연구직 및 공학 기술직,제조 연구개발직 및 공학기술직,전자제품 및 부품 개발기술자,
연구직 및 공학 기술직,제조 연구개발직 및 공학기술직,반도체공학기술자 및 연구원,
연구직 및 공학 기술직,제조 연구개발직 및 공학기술직,전자계측제어기술자,
연구직 및 공학 기술직,제조 연구개발직 및 공학기술직,디스플레이연구 및 개발자,
연구직 및 공학 기술직,제조 연구개발직 및 공학기술직,전기·전자공학시험원,
연구직 및 공학 기술직,제조 연구개발직 및 공학기술직,석유화학공학기술자 및 연구원,
연구직 및 공학 기술직,제조 연구개발직 및 공학기술직,고무 및 플라스틱화학공학기술자 및 연구원,
연구직 및 공학 기술직,제조 연구개발직 및 공학기술직,도료 및 농약품화학공학기술자 및 연구원,
연구직 및 공학 기술직,제조 연구개발직 및 공학기술직,비누 및 화장품화학공학기술자 및 연구원,
연구직 및 공학 기술직,제조 연구개발직 및 공학기술직,의약품공학기술자 및 연구원,
연구직 및 공학 기술직,제조 연구개발직 및 공학기술직,화학공학시험원,
연구직 및 공학 기술직,제조 연구개발직 및 공학기술직,태양광발전연구 및 개발자,
연구직 및 공학 기술직,제조 연구개발직 및 공학기술직,풍력발전연구 및 개발자,
연구직 및 공학 기술직,제조 연구개발직 및 공학기술직,원자력공학기술자,
연구직 및 공학 기술직,제조 연구개발직 및 공학기술직,가스·에너지시험원 및 진단전문가,
연구직 및 공학 기술직,제조 연구개발직 및 공학기술직,대기환경기술자 및 연구원,
연구직 및 공학 기술직,제조 연구개발직 및 공학기술직,수질환경기술자 및 연구원,
연구직 및 공학 기술직,제조 연구개발직 및 공학기술직,폐기물처리기술자,
연구직 및 공학 기술직,제조 연구개발직 및 공학기술직,환경영향평가원,
연구직 및 공학 기술직,제조 연구개발직 및 공학기술직,소음진동기술자 및 연구원,
연구직 및 공학 기술직,제조 연구개발직 및 공학기술직,토양환경기술자 및 연구원,
연구직 및 공학 기술직,제조 연구개발직 및 공학기술직,환경시험원,
연구직 및 공학 기술직,제조 연구개발직 및 공학기술직,보건위생·환경검사원,
연구직 및 공학 기술직,제조 연구개발직 및 공학기술직,섬유공학기술자,
연구직 및 공학 기술직,제조 연구개발직 및 공학기술직,섬유공학시험원,
연구직 및 공학 기술직,제조 연구개발직 및 공학기술직,식품공학기술자 및 연구원,
연구직 및 공학 기술직,제조 연구개발직 및 공학기술직,식품공학시험원,
연구직 및 공학 기술직,제조 연구개발직 및 공학기술직,소방공학기술자 및 연구원,
연구직 및 공학 기술직,제조 연구개발직 및 공학기술직,산업안전원 및 위험관리원,
연구직 및 공학 기술직,제조 연구개발직 및 공학기술직,위험관리원,
연구직 및 공학 기술직,제조 연구개발직 및 공학기술직,비파괴검사원,
연구직 및 공학 기술직,제조 연구개발직 및 공학기술직,3D프린팅모델러,
연구직 및 공학 기술직,제조 연구개발직 및 공학기술직,제도사(캐드원),
영업·판매·운전·운송직,영업·판매직,부동산중개인,
영업·판매·운전·운송직,영업·판매직,기술영업원,
영업·판매·운전·운송직,영업·판매직,해외영업원,
영업·판매·운전·운송직,영업·판매직,자동차영업원,
영업·판매·운전·운송직,영업·판매직,제품광고영업원,
영업·판매·운전·운송직,영업·판매직,상품중개인 및 경매사,
영업·판매·운전·운송직,영업·판매직,텔레마케터,
영업·판매·운전·운송직,영업·판매직,소규모판매점장,
영업·판매·운전·운송직,영업·판매직,상점판매원,매장에서 손님에게 물건을 안내하고 판매하는 일
영업·판매·운전·운송직,영업·판매직,통신기기·서비스판매원,
영업·판매·운전·운송직,영업·판매직,온라인판매원,
영업·판매·운전·운송직,영업·판매직,상품대여원,
영업·판매·운전·운송직,영업·판매직,노점 및 이동판매원,
영업·판매·운전·운송직,영업·판매직,방문판매원,
영업·판매·운전·운송직,영업·판매직,주유원,
영업·판매·운전·운송직,영업·판매직,매장계산원 및 요금정산원,마트나 매장에서 물건 값을 계산해주는 일
영업·판매·운전·운송직,영업·판매직,매표원 및 복권판매원,
영업·판매·운전·운송직,영업·판매직,홍보도우미 및 판촉원,
영업·판매·운전·운송직,운전·운송직,항공기조종사,
영업·판매·운전·운송직,운전·운송직,헬리콥터조종사,
영업·판매·운전·운송직,운전·운송직,선장 및 항해사,
영업·판매·운전·운송직,운전·운송직,철도·전동차기관사,
영업·판매·운전·운송직,운전·운송직,항공교통관제사,
영업·판매·운전·운송직,운전·운송직,선박교통관제사,
영업·판매·운전·운송직,운전·운송직,철도교통관제사,
영업·판매·운전·운송직,운전·운송직,신호원 및 수송원,
영업·판매·운전·운송직,운전·운송직,택시운전원,
영업·판매·운전·운송직,운전·운송직,버스운전원,
영업·판매·운전·운송직,운전·운송직,화물차·특수차운전원,
영업·판매·운전·운송직,운전·운송직,크레인·호이스트운전원,
영업·판매·운전·운송직,운전·운송직,지게차운전원,
영업·판매·운전·운송직,운전·운송직,택배원,차로 물건을 받는 사람에게 배달하는 일
영업·판매·운전·운송직,운전·운송직,집배원,
영업·판매·운전·운송직,운전·운송직,선박기관사,
영업·판매·운전·운송직,운전·운송직,선박갑판원,
영업·판매·운전·운송직,운전·운송직,하역·적재종사원,창고에서 물건을 싣고 내리는 일
예술·디자인·방송·스포츠직,스포츠·레크리에이션직,스포츠감독 및 코치,
예술·디자인·방송·스포츠직,스포츠·레크리에이션직,직업운동선수,
예술·디자인·방송·스포츠직,스포츠·레크리에이션직,프로게이머,
예술·디자인·방송·스포츠직,스포츠·레크리에이션직,경기심판 및 경기기록원,
예술·디자인·방송·스포츠직,스포츠·레크리에이션직,스포츠강사,
예술·디자인·방송·스포츠직,스포츠·레크리에이션직,스포츠트레이너,
예술·디자인·방송·스포츠직,스포츠·레크리에이션직,레크리에이션전문가,
예술·디자인·방송·스포츠직,예술·디자인·방송직,소설가,
예술·디자인·방송·스포츠직,예술·디자인·방송직,영화시나리오작가,
예술·디자인·방송·스포츠직,예술·디자인·방송직,방송작가,
예술·디자인·방송·스포츠직,예술·디자인·방송직,번역가,
예술·디자인·방송·스포츠직,예술·디자인·방송직,통역가,
예술·디자인·방송·스포츠직,예술·디자인·방송직,출판물기획자,
예술·디자인·방송·스포츠직,예술·디자인·방송직,신문기자,
예술·디자인·방송·스포츠직,예술·디자인·방송직,방송기자,
예술·디자인·방송·스포츠직,예술·디자인·방송직,잡지기자,
예술·디자인·방송·스포츠직,예술·디자인·방송직,학예사,
예술·디자인·방송·스포츠직,예술·디자인·방송직,문화재보존원,
예술·디자인·방송·스포츠직,예술·디자인·방송직,사서,
예술·디자인·방송·스포츠직,예술·디자인·방송직,기록물관리사,
예술·디자인·방송·스포츠직,예술·디자인·방송직,화가,
예술·디자인·방송·스포츠직,예술·디자인·방송직,조각가,
예술·디자인·방송·스포츠직,예술·디자인·방송직,사진작가 및 사진사,
예술·디자인·방송·스포츠직,예술·디자인·방송직,만화가,
예술·디자인·방송·스포츠직,예술·디자인·방송직,만화영화작가(애니메이터),
예술·디자인·방송·스포츠직,예술·디자인·방송직,국악인,
예술·디자인·방송·스포츠직,예술·디자인·방송직,지휘자,
예술·디자인·방송·스포츠직,예술·디자인·방송직,작곡가,
예술·디자인·방송·스포츠직,예술·디자인·방송직,연주가,
예술·디자인·방송·스포츠직,예술·디자인·방송직,가수,
예술·디자인·방송·스포츠직,예술·디자인·방송직,성악가,
예술·디자인·방송·스포츠직,예술·디자인·방송직,무용가,
예술·디자인·방송·스포츠직,예술·디자인·방송직,안무가,
예술·디자인·방송·스포츠직,예술·디자인·방송직,대중무용수,
예술·디자인·방송·스포츠직,예술·디자인·방송직,제품디자이너,
예술·디자인·방송·스포츠직,예술·디자인·방송직,의상디자이너,
예술·디자인·방송·스포츠직,예술·디자인·방송직,패션소품디자이너,
예술·디자인·방송·스포츠직,예술·디자인·방송직,실내장식디자이너,
예술·디자인·방송·스포츠직,예술·디자인·방송직,시각디자이너,
예술·디자인·방송·스포츠직,예술·디자인·방송직,웹디자이너,
예술·디자인·방송·스포츠직,예술·디자인·방송직,게임그래픽디자이너,
예술·디자인·방송·스포츠직,예술·디자인·방송직,영상그래픽디자이너,
예술·디자인·방송·스포츠직,예술·디자인·방송직,UX·UI디자이너,
예술·디자인·방송·스포츠직,예술·디자인·방송직,방송연출가,
예술·디자인·방송·스포츠직,예술·디자인·방송직,영화감독,
예술·디자인·방송·스포츠직,예술·디자인·방송직,연극연출가,
예술·디자인·방송·스포츠직,예술·디자인·방송직,광고영상감독,
예술·디자인·방송·스포츠직,예술·디자인·방송직,연극영화방송기술감독,
예술·디자인·방송·스포츠직,예술·디자인·방송직,영화배우 및 탤런트,
예술·디자인·방송·스포츠직,예술·디자인·방송직,모델,
예술·디자인·방송·스포츠직,예술·디자인·방송직,연극 및 뮤지컬배우,
예술·디자인·방송·스포츠직,예술·디자인·방송직,개그맨 및 코미디언,
예술·디자인·방송·스포츠직,예술·디자인·방송직,성우,
예술·디자인·방송·스포츠직,예술·디자인·방송직,아나운서,
예술·디자인·방송·스포츠직,예술·디자인·방송직,리포터,
예술·디자인·방송·스포츠직,예술·디자인·방송직,촬영기사,
예술·디자인·방송·스포츠직,예술·디자인·방송직,음향·녹음기사,
예술·디자인·방송·스포츠직,예술·디자인·방송직,영상·녹화 및 편집기사,
예술·디자인·방송·스포츠직,예술·디자인·방송직,조명기사,
예술·디자인·방송·스포츠직,예술·디자인·방송직,미디어콘텐츠창작자(크리에이터),
예술·디자인·방송·스포츠직,예술·디자인·방송직,연예인매니저,
